id,first_name,last_name,email,gender,lat,lng
1,Clarence,Bradley,cbradley0@hugedomains.com,Male,-12195,44.46472
2,Brian,Anderson,banderson1@reference.com,Male,50.29146,15.47725
3,Adam,Ross,aross2@nih.gov,Male,34.90994,109.73445
4,Lisa,Austin,laustin3@dropbox.com,Female,-24.38333,25.85
5,David,Ryan,dryan4@yahoo.co.jp,Male,42.5075,20.31778
6,Andrew,Weaver,aweaver5@feedburner.com,Male,45.45078,41.03866
7,Mary,Rogers,mrogers6@imgur.com,Female,42.26167,127.38611
8,Mark,Larson,mlarson7@oaic.gov.au,Male,38605,111.9391
9,Ruth,Romero,rromero8@mayoclinic.com,Female,-35.84667,-71.59308
10,Lillian,Welch,lwelch9@typepad.com,Female,27.03111,115.01469
11,Anne,Morris,amorrisa@wunderground.com,Female,-14.26722,-43.16194
12,Willie,Gutierrez,wgutierrezb@baidu.com,Male,41.92262,22.44628
13,Beverly,Wright,bwrightc@oracle.com,Female,29.21162,115.77263
14,Doris,Andrews,dandrewsd@bing.com,Female,18.84431,-70.31688
15,Ernest,Rice,ericee@businessweek.com,Male,53.37596,51.3452
16,Sharon,Perry,sperryf@163.com,Female,46.02361,15.47694
17,Carolyn,Wagner,cwagnerg@huffingtonpost.com,Female,38.67848,112.24136
18,Virginia,Rogers,vrogersh@google.com.br,Female,53.29617,69.59997
19,Mary,Armstrong,marmstrongi@ehow.com,Female,30.96917,120.80651
20,Raymond,Price,rpricej@seattletimes.com,Male,37.38071,55.49164
21,Ruth,Ruiz,rruizk@cloudflare.com,Female,-11.8895,-75.26554
22,Chris,Ward,cwardl@zdnet.com,Male,-7.1957,108.6022
23,John,Mcdonald,jmcdonaldm@studiopress.com,Male,64.0149,11.4954
24,Annie,Hicks,ahicksn@thetimes.co.uk,Female,43.85012,-79.03288
25,Steve,Mendoza,smendozao@zdnet.com,Male,17.33333,120.43333
26,Brenda,Hayes,bhayesp@macromedia.com,Female,-9.5604,119.24365
27,Richard,Banks,rbanksq@google.co.uk,Male,-8071,113.3245
28,Louis,Ramos,lramosr@dmoz.org,Male,20.05278,110.41347
29,Kenneth,Richards,krichardss@taobao.com,Male,30.07489,120.42103
30,Marilyn,Armstrong,marmstrongt@nba.com,Female,-7.3451,112.7683
31,Kimberly,Carter,kcarteru@indiatimes.com,Female,29.46392,110.4714
32,Andrew,Mitchell,amitchellv@mayoclinic.com,Male,38.18056,100.24028
33,Betty,Crawford,bcrawfordw@illinois.edu,Female,15.39223,120.76848
34,Rachel,Simpson,rsimpsonx@purevolume.com,Female,13.7317,121.1842
35,Fred,Webb,fwebby@sohu.com,Male,43.34116,52.86192
36,Gregory,Banks,gbanksz@howstuffworks.com,Male,-13.99328,34.51566
37,Phyllis,Medina,pmedina10@nationalgeographic.com,Female,-28.26278,-52.40667
38,Henry,Hughes,hhughes11@illinois.edu,Male,-16.46667,-71.5
39,Justin,Thompson,jthompson12@dedecms.com,Male,40.6333,-8.5833
40,Ruth,Phillips,rphillips13@cbslocal.com,Female,14.25,-87.95
41,Carlos,Frazier,cfrazier14@nature.com,Male,8.77278,124.79111
42,Jason,Burns,jburns15@google.com.au,Male,30.70471,115.55534
43,Juan,Carroll,jcarroll16@miitbeian.gov.cn,Male,42.00973,20.97155
44,Juan,Black,jblack17@dot.gov,Male,-7168,108.3267
45,Henry,Ruiz,hruiz18@harvard.edu,Male,-6.9304,114.0184
46,Joan,Cunningham,jcunningham19@over-blog.com,Female,-7.0594,108.4337
47,Denise,Jenkins,djenkins1a@google.co.uk,Female,41.0167,-7.3833
48,Evelyn,Price,eprice1b@comcast.net,Female,36.91556,127.13139
49,Cheryl,Cruz,ccruz1c@reverbnation.com,Female,36.03333,140.2
50,Donna,Torres,dtorres1d@zimbio.com,Female,49.93585,14.37706
51,Earl,Murray,emurray1e@simplemachines.org,Male,54.9675,41.75083
52,Diane,Bowman,dbowman1f@wp.com,Female,-8.58634,115.20468
53,Lois,Clark,lclark1g@nps.gov,Female,18.87309,-71.51656
54,Steven,Russell,srussell1h@goo.gl,Male,48.16806,27305
55,Harold,Andrews,handrews1i@huffingtonpost.com,Male,15.9322,-3.9906
56,Clarence,Willis,cwillis1j@mit.edu,Male,6.1194,100.3677
57,Sean,Fisher,sfisher1k@xing.com,Male,52.7792,6.9069
58,Richard,Porter,rporter1l@hatena.ne.jp,Male,-10.1212,124.0983
59,Willie,Ross,wross1m@ibm.com,Male,40.0018,-75.1179
60,Sharon,Allen,sallen1n@goo.ne.jp,Female,10.7967,123.0213
61,Chris,Mason,cmason1o@princeton.edu,Male,50.28232,18.19988
62,Denise,Chapman,dchapman1p@tinyurl.com,Female,15.15,-88.68333
63,Marie,Harper,mharper1q@irs.gov,Female,1.00019,9.58228
64,Judith,Day,jday1r@multiply.com,Female,38.46613,68.80533
65,Louis,Cole,lcole1s@lulu.com,Male,-8.33556,-36.42417
66,Rebecca,Pierce,rpierce1t@google.pl,Female,32.86894,118.5092
67,Phyllis,Edwards,pedwards1u@goodreads.com,Female,34.70306,109.94036
68,Kevin,Bishop,kbishop1v@chron.com,Male,57.7072,11.9668
69,Susan,Carter,scarter1w@wp.com,Female,-36.8,174.75
70,Louis,Lynch,llynch1x@cisco.com,Male,27.83812,115.46571
71,Cynthia,Ford,cford1y@free.fr,Female,-20.51667,57.51667
72,Joshua,Wright,jwright1z@163.com,Male,-7.3545,108.1102
73,Gary,Johnston,gjohnston20@fema.gov,Male,-7.0652,108.7523
74,Matthew,Fuller,mfuller21@apple.com,Male,-21.15216,-175.21333
75,Julia,Garza,jgarza22@vk.com,Female,16.90802,96.56037
76,Jack,Kennedy,jkennedy23@alexa.com,Male,53.4568,-2.1182
77,Cheryl,Boyd,cboyd24@altervista.org,Female,32.89044,36.0399
78,Carlos,King,cking25@fema.gov,Male,35.10278,129.04028
79,Margaret,Jenkins,mjenkins26@rediff.com,Female,53.79442,64.18405
80,Judy,Walker,jwalker27@pagesperso-orange.fr,Female,-2.9075,29.8306
81,Jeremy,Cole,jcole28@sourceforge.net,Male,41.1167,-7.8833
82,Andrea,Price,aprice29@virginia.edu,Female,45.2333,5.6833
83,Norma,Baker,nbaker2a@cmu.edu,Female,41.1333,-7.3
84,Albert,Gordon,agordon2b@amazonaws.com,Male,47.1749,126.14192
85,Andrew,Brown,abrown2c@creativecommons.org,Male,10.8315,124.7518
86,Mark,Bishop,mbishop2d@pen.io,Male,15.28636,120.67163
87,Victor,Grant,vgrant2e@sina.com.cn,Male,-7.4894,108.0842
88,Patricia,Armstrong,parmstrong2f@smh.com.au,Female,24.2908,-99.3842
89,Martha,Carpenter,mcarpenter2g@meetup.com,Female,-6.6688,111.4585
90,Marie,Tucker,mtucker2h@oakley.com,Female,5.78917,7.83829
91,Eugene,Robertson,erobertson2i@123-reg.co.uk,Male,56.1356,13.1309
92,Henry,Howell,hhowell2j@freewebs.com,Male,31.14267,111.67461
93,Martin,Simpson,msimpson2k@omniture.com,Male,38.0638,-84.5027
94,Diane,Gibson,dgibson2l@google.com.br,Female,-32.02361,-53.39556
95,Helen,Harvey,hharvey2m@mac.com,Female,15.40661,104.92358
96,Kelly,Watkins,kwatkins2n@shutterfly.com,Female,7.80336,-3.16832
97,Diane,Campbell,dcampbell2o@liveinternet.ru,Female,38.0638,-84.5027
98,Michelle,Griffin,mgriffin2p@unc.edu,Female,-6.6254,110.9935
99,Carol,Richardson,crichardson2q@xrea.com,Female,60.08936,30.97727
100,Nancy,Jacobs,njacobs2r@wp.com,Female,38.7215,-9366
101,Irene,Porter,iporter2s@arizona.edu,Female,11.02987,106.3575
102,Patrick,Rodriguez,prodriguez2t@jalbum.net,Male,29.80157,113.00618
103,Roger,Perry,rperry2u@usnews.com,Male,34.3604,108.46238
104,Craig,James,cjames2v@phoca.cz,Male,-6.9136,111.4396
105,Joshua,Bell,jbell2w@fema.gov,Male,44.31667,126.8
106,Robert,Anderson,randerson2x@histats.com,Male,45.15806,14.53861
107,Heather,Williams,hwilliams2y@google.pl,Female,56.18333,37.9
108,Jessica,Greene,jgreene2z@huffingtonpost.com,Female,22.21072,113.29218
109,Betty,Jacobs,bjacobs30@jimdo.com,Female,49395,102.69333
110,Jane,Martin,jmartin31@nbcnews.com,Female,48.6333,4.95
111,Jesse,Johnston,jjohnston32@creativecommons.org,Male,34.0585,-118.3012
112,John,Barnes,jbarnes33@sun.com,Male,31.81231,120.23837
113,Raymond,Mendoza,rmendoza34@nyu.edu,Male,23.42269,115.95929
114,Frank,Wells,fwells35@ameblo.jp,Male,-21.24528,-44.99972
115,Julie,Banks,jbanks36@symantec.com,Female,14.58617,100.99758
116,Elizabeth,Shaw,eshaw37@si.edu,Female,18.7149,-99.9151
117,Sandra,Woods,swoods38@house.gov,Female,-19.00556,-65.52861
118,Martin,Wheeler,mwheeler39@qq.com,Male,18.03333,103.16667
119,Jeffrey,Stone,jstone3a@addthis.com,Male,-6.52528,-39.5275
120,Ryan,Vasquez,rvasquez3b@usgs.gov,Male,-10685,-37.42528
121,Mildred,Palmer,mpalmer3c@hp.com,Female,24.72014,116.91049
122,Wanda,Stone,wstone3d@vimeo.com,Female,-8.0018,111.9063
123,Theresa,Payne,tpayne3e@earthlink.net,Female,6.17591,-75.59174
124,Carol,Flores,cflores3f@redcross.org,Female,-40.65944,-72.60172
125,Dorothy,Clark,dclark3g@1und1.de,Female,11.00703,-74.24765
126,Judy,Hayes,jhayes3h@dyndns.org,Female,4.89833,119.84944
127,Kimberly,Price,kprice3i@newyorker.com,Female,47.49989,-52.99806
128,Barbara,Wheeler,bwheeler3j@fotki.com,Female,50.10186,19.42228
129,Amy,Oliver,aoliver3k@zdnet.com,Female,59.3793,13.5036
130,Frank,Tucker,ftucker3l@hud.gov,Male,43.74977,19.71273
131,Jimmy,Carpenter,jcarpenter3m@delicious.com,Male,13.98155,121.78888
132,Ernest,Gardner,egardner3n@wunderground.com,Male,30.3935,120.88972
133,Aaron,Ryan,aryan3o@harvard.edu,Male,15.04193,108.46973
134,Christine,Ramirez,cramirez3p@nasa.gov,Female,49.4627,36.85951
135,Edward,Gomez,egomez3q@sun.com,Male,53.39858,20.94629
136,Amy,George,ageorge3r@foxnews.com,Female,51.39742,56.41667
137,Marilyn,Harper,mharper3s@diigo.com,Female,36.28861,37.08527
138,Wanda,Franklin,wfranklin3t@blog.com,Female,13.9706,121.2051
139,Brian,Wells,bwells3u@xinhuanet.com,Male,45.36678,-73.56588
140,Ruby,Stephens,rstephens3v@odnoklassniki.ru,Female,41.3833,-8.4833
141,Bobby,Cox,bcox3w@twitter.com,Male,-11.76667,27.23333
142,Heather,Bishop,hbishop3x@apache.org,Female,42.6976,2.8954
143,Howard,Jones,hjones3y@arizona.edu,Male,-8.7215,121.9897
144,Betty,Nelson,bnelson3z@wordpress.org,Female,48.9836,2.5256
145,Terry,Morales,tmorales40@mediafire.com,Male,52.2038,24.7863
146,Nicole,Gardner,ngardner41@sina.com.cn,Female,-8.2211,124.5432
147,Angela,Evans,aevans42@ebay.com,Female,31.21592,107.50092
148,Jeremy,Stephens,jstephens43@unesco.org,Male,59.0433,15.8737
149,Arthur,Bell,abell44@rambler.ru,Male,41.1609,-8.3136
150,Harry,Perry,hperry45@exblog.jp,Male,-22.7775,-47.29583
151,Lori,Freeman,lfreeman46@nyu.edu,Female,-7.3314,108.0665
152,Dennis,Ortiz,dortiz47@gmpg.org,Male,-7.13366,113.57119
153,Aaron,Graham,agraham48@creativecommons.org,Male,43.00697,40.9893
154,Phillip,Montgomery,pmontgomery49@yandex.ru,Male,26.70452,115.66564
155,Kenneth,Garza,kgarza4a@cisco.com,Male,5.57167,125.40556
156,Betty,West,bwest4b@opensource.org,Female,44.66554,19.24691
157,Larry,Smith,lsmith4c@tmall.com,Male,53.3444,-1.7395
158,Kenneth,Robertson,krobertson4d@dailymotion.com,Male,8.1613,123.9583
159,Donna,Kennedy,dkennedy4e@godaddy.com,Female,17.0089,-91.6396
160,Nicholas,Castillo,ncastillo4f@columbia.edu,Male,39.98665,112.86549
161,Edward,Johnson,ejohnson4g@latimes.com,Male,13.2954,19.6966
162,Brandon,Gibson,bgibson4h@tripadvisor.com,Male,47.8,3.5667
163,Mark,Lewis,mlewis4i@wp.com,Male,4.45265,-75.78746
164,Randy,Morrison,rmorrison4j@ft.com,Male,26.03097,88.46989
165,Ruby,Gonzales,rgonzales4k@imdb.com,Female,-8.51417,-39.31
166,Juan,Jordan,jjordan4l@ebay.co.uk,Male,-7.65268,112.6875
167,Carolyn,Ford,cford4m@shutterfly.com,Female,13.80716,8.9881
168,Diane,Reynolds,dreynolds4n@mozilla.com,Female,22.38067,102.82011
169,Judy,Johnson,jjohnson4o@hubpages.com,Female,59.1955,17.6252
170,Carl,Miller,cmiller4p@fotki.com,Male,-17.63333,-149.6
171,Fred,Simmons,fsimmons4q@un.org,Male,-1.44158,-79.45943
172,Clarence,Nguyen,cnguyen4r@comsenz.com,Male,-7.2198,108514
173,Betty,Fuller,bfuller4s@4shared.com,Female,38.4134,-82.2774
174,John,Holmes,jholmes4t@wufoo.com,Male,44.8,126.53333
175,Mark,Martinez,mmartinez4u@istockphoto.com,Male,59.1,17.5667
176,William,Montgomery,wmontgomery4v@seattletimes.com,Male,28.55265,121.2487
177,Lori,Robertson,lrobertson4w@census.gov,Female,-6.9044,112.0645
178,Adam,Crawford,acrawford4x@ucoz.com,Male,11.03472,122.94167
179,Howard,Romero,hromero4y@ebay.com,Male,8.35109,100.20195
180,Kathryn,Robinson,krobinson4z@friendfeed.com,Female,40.81609,140.37539
181,Gary,Elliott,gelliott50@ucsd.edu,Male,13.3769,123.6788
182,Melissa,Cole,mcole51@illinois.edu,Female,-5.38532,27.00028
183,Bruce,Carpenter,bcarpenter52@cocolog-nifty.com,Male,28.01944,67.92083
184,Thomas,Little,tlittle53@unc.edu,Male,43.7031,7.2661
185,Stephen,Bryant,sbryant54@google.cn,Male,52.53043,18.26803
186,Eric,Taylor,etaylor55@g.co,Male,46.45689,13.77824
187,Julia,Collins,jcollins56@bluehost.com,Female,-6.8303,111.2877
188,Bonnie,Nguyen,bnguyen57@thetimes.co.uk,Female,3.03716,29.53551
189,Jennifer,Dixon,jdixon58@hibu.com,Female,6.98008,2.6649
190,Samuel,Jackson,sjackson59@chronoengine.com,Male,-7766,114.2361
191,Carlos,Meyer,cmeyer5a@parallels.com,Male,32.54904,106.33871
192,Ruth,Rivera,rrivera5b@amazon.co.jp,Female,30.9522,20.12022
193,Lori,Gordon,lgordon5c@sfgate.com,Female,45.6961,4.9389
194,William,Spencer,wspencer5d@about.me,Male,1.69606,32.08608
195,Marie,Mcdonald,mmcdonald5e@webnode.com,Female,46.37962,14.06937
196,Lawrence,Miller,lmiller5f@google.com.au,Male,49.21679,-68.14894
197,Katherine,Washington,kwashington5g@senate.gov,Female,13.38608,144.67226
198,Melissa,Edwards,medwards5h@ft.com,Female,16.88425,101.88467
199,Kathryn,Franklin,kfranklin5i@sphinn.com,Female,-6.8602,111.6866
200,Daniel,Gibson,dgibson5j@liveinternet.ru,Male,52.5318,84.7896
201,Ronald,Snyder,rsnyder5k@hud.gov,Male,37.0833,-8.25
202,Donna,Campbell,dcampbell5l@google.de,Female,-25.05194,33.64417
203,Judith,Campbell,jcampbell5m@biblegateway.com,Female,10.63111,122.97889
204,Adam,Garrett,agarrett5n@ibm.com,Male,62.09726,-7.3577
205,Gerald,Fuller,gfuller5o@epa.gov,Male,46.91591,130.64547
206,Richard,Phillips,rphillips5p@webnode.com,Male,59.3105,18.1637
207,Daniel,Perkins,dperkins5q@engadget.com,Male,-10.26389,-40.19583
208,Michelle,Howard,mhoward5r@delicious.com,Female,40.07374,23.44637
209,Michelle,Olson,molson5s@mapy.cz,Female,45.10583,122.92378
210,Heather,Fuller,hfuller5t@opensource.org,Female,28.29526,117.18444
211,Sarah,James,sjames5u@digg.com,Female,-8.2212,124502
212,Paul,Holmes,pholmes5v@bluehost.com,Male,15.24592,100.65556
213,Shawn,Day,sday5w@vk.com,Male,24.6056,-103.9258
214,Rachel,Andrews,randrews5x@alexa.com,Female,-8003,113.2353
215,Steven,Payne,spayne5y@canalblog.com,Male,5.53528,-73.36778
216,Kimberly,Mendoza,kmendoza5z@seesaa.net,Female,40.21965,141.28986
217,Kathryn,Ford,kford60@amazon.co.jp,Female,19.37762,-70.41762
218,Tammy,Watson,twatson61@washington.edu,Female,59.77472,30.11971
219,Ernest,Allen,eallen62@printfriendly.com,Male,5.3196,-4.25415
220,Jonathan,Anderson,janderson63@cyberchimps.com,Male,23.08435,113.71785
221,Justin,Lane,jlane64@ox.ac.uk,Male,41.86222,125.57222
222,Lois,Howard,lhoward65@army.mil,Female,52.70031,-6.96181
223,Kathleen,King,kking66@umich.edu,Female,54.11175,22.93087
224,Richard,Jones,rjones67@wikimedia.org,Male,32.0192,35.34783
225,Brian,Hicks,bhicks68@msu.edu,Male,52.99056,-6.08528
226,Douglas,Day,dday69@theguardian.com,Male,34.67868,107.78758
227,Marilyn,Miller,mmiller6a@theglobeandmail.com,Female,46.72806,29.70778
228,Steven,Pierce,spierce6b@google.ru,Male,40.89812,110.60285
229,Paula,Foster,pfoster6c@tiny.cc,Female,9.06667,38.5
230,Ruth,West,rwest6d@liveinternet.ru,Female,46.81036,124.39203
231,Clarence,Roberts,croberts6e@independent.co.uk,Male,-7.3152,106.6195
232,Roy,Russell,rrussell6f@surveymonkey.com,Male,56.1356,13.1309
233,Christine,Morales,cmorales6g@dailymotion.com,Female,-7.12474,113.60051
234,Ashley,Mendoza,amendoza6h@va.gov,Female,-8.3658,114.6671
235,Chris,Henry,chenry6i@msn.com,Male,33795,35.65111
236,Michael,Rodriguez,mrodriguez6j@ucoz.com,Male,39.62611,98.32674
237,Keith,Ross,kross6k@tinyurl.com,Male,30.42039,31.56223
238,James,Castillo,jcastillo6l@instagram.com,Male,-20.53333,29.28502
239,Steve,Carpenter,scarpenter6m@hao123.com,Male,40.6833,-8.6333
240,Peter,Nguyen,pnguyen6n@ning.com,Male,5.33775,-72.39586
241,Margaret,Evans,mevans6o@topsy.com,Female,15.18014,102.25694
242,Denise,Murphy,dmurphy6p@google.co.jp,Female,46.11594,-64.80186
243,Tina,Meyer,tmeyer6q@topsy.com,Female,-7.3522,108.5712
244,Shawn,Perez,sperez6r@myspace.com,Male,42.7694,2.8724
245,Harry,Torres,htorres6s@europa.eu,Male,-6.87792,115.50689
246,Ernest,Knight,eknight6t@google.com.au,Male,51.99217,15.78392
247,Alice,Burns,aburns6u@mail.ru,Female,40.70917,19.64972
248,Patrick,Robinson,probinson6v@cdbaby.com,Male,-7.0438,108.1819
249,Jennifer,Gray,jgray6w@wp.com,Female,50.2441,21.7761
250,Julie,Chavez,jchavez6x@ca.gov,Female,33.01711,35.34835
251,Michael,Andrews,mandrews6y@nih.gov,Male,12.9821,124.1415
252,Lois,Walker,lwalker6z@alexa.com,Female,-34.72418,-58.25265
253,Dorothy,Crawford,dcrawford70@gnu.org,Female,55.73333,24.35
254,Jerry,Weaver,jweaver71@mtv.com,Male,48.81643,17.05107
255,Carl,Boyd,cboyd72@istockphoto.com,Male,34.55808,133.41796
256,Ernest,Russell,erussell73@sohu.com,Male,39.14657,23.86494
257,Steven,White,swhite74@weebly.com,Male,43.65,25.11667
258,Jose,Kelly,jkelly75@scientificamerican.com,Male,33.41359,113.37209
259,Wanda,Simpson,wsimpson76@discovery.com,Female,-4.32222,-40.71083
260,Donald,Fuller,dfuller77@clickbank.net,Male,30.7,103.83771
261,Jessica,Lynch,jlynch78@hud.gov,Female,-34.09556,-56.21417
262,Albert,Ford,aford79@w3.org,Male,-8196,124.5015
263,Jesse,Morris,jmorris7a@yelp.com,Male,25.47147,119.55728
264,Patrick,Mills,pmills7b@guardian.co.uk,Male,55.7,37.85
265,Jack,Henry,jhenry7c@cornell.edu,Male,24.16447,115.4911
266,Phyllis,Ramirez,pramirez7d@aboutads.info,Female,36.97813,121.79248
267,Albert,Gonzales,agonzales7e@google.es,Male,37.1369,-8.0349
268,Ashley,Sanchez,asanchez7f@gmpg.org,Female,-12.65,-75.38333
269,David,Fernandez,dfernandez7g@springer.com,Male,-33.03016,-60.64045
270,Jennifer,Sanchez,jsanchez7h@virginia.edu,Female,43.03333,25.61667
271,Todd,Powell,tpowell7i@stumbleupon.com,Male,49.04245,28.41732
272,Ashley,Ramirez,aramirez7j@huffingtonpost.com,Female,10.20898,123758
273,Jesse,Wright,jwright7k@webnode.com,Male,-9.6511,124.2218
274,Jessica,Kennedy,jkennedy7l@state.tx.us,Female,22.9528,-98.9944
275,Kevin,Morales,kmorales7m@engadget.com,Male,37.8312,23.80809
276,Kenneth,Sullivan,ksullivan7n@blinklist.com,Male,25.1725,118.11583
277,Billy,Armstrong,barmstrong7o@stumbleupon.com,Male,31.6948,-106.3
278,Kelly,Palmer,kpalmer7p@blogtalkradio.com,Female,34.66667,137.26667
279,Janice,Owens,jowens7q@cloudflare.com,Female,59.4794,18.2997
280,Gary,Peterson,gpeterson7r@cnn.com,Male,-20.28869,44.31782
281,Eugene,Stanley,estanley7s@aboutads.info,Male,19.2705,99.97011
282,Jesse,Johnston,jjohnston7t@ocn.ne.jp,Male,7676,123.0023
283,Kevin,Butler,kbutler7u@cnbc.com,Male,16321,121.1262
284,Patricia,Hunt,phunt7v@meetup.com,Female,43.36667,25.13333
285,Denise,Baker,dbaker7w@patch.com,Female,58.34194,26.31472
286,Clarence,Wood,cwood7x@alexa.com,Male,22.38127,111.46199
287,Mildred,Scott,mscott7y@europa.eu,Female,31.38028,120.49817
288,Julie,Johnston,jjohnston7z@ucoz.ru,Female,-7.5514,107.5666
289,Lawrence,Tucker,ltucker80@shop-pro.jp,Male,15.5823,119.9335
290,Matthew,Mills,mmills81@ustream.tv,Male,45.18194,18.68944
291,Brenda,Collins,bcollins82@dagondesign.com,Female,-3.6184,114.7166
292,Bobby,Scott,bscott83@nhs.uk,Male,54.15,91885
293,Jeffrey,Reid,jreid84@bluehost.com,Male,11.56432,108.98858
294,Marie,Hart,mhart85@hc360.com,Female,44.8404,-0.5805
295,Laura,Russell,lrussell86@themeforest.net,Female,20782,-101.4347
296,Tammy,Coleman,tcoleman87@etsy.com,Female,15.89224,104.90563
297,Donna,Snyder,dsnyder88@sitemeter.com,Female,32.59484,120.27691
298,Timothy,Matthews,tmatthews89@w3.org,Male,30.84283,120.15288
299,Steve,Berry,sberry8a@scribd.com,Male,40.9973,-8.4664
300,Alan,Campbell,acampbell8b@latimes.com,Male,43.77063,142.36489
301,Steven,Stephens,sstephens8c@cafepress.com,Male,24.25256,97.23357
302,Kimberly,Lynch,klynch8d@about.me,Female,29.74248,106.47508
303,Henry,Mason,hmason8e@apple.com,Male,48.13348,-78.13283
304,Stephen,Morales,smorales8f@dailymail.co.uk,Male,29.9635,117.95236
305,Jose,Vasquez,jvasquez8g@upenn.edu,Male,-6.87222,107.5425
306,Jose,Ward,jward8h@bandcamp.com,Male,42.97583,141.56722
307,Craig,Harris,charris8i@yale.edu,Male,5.51972,-72.8875
308,Andrea,Fernandez,afernandez8j@pen.io,Female,33.8356,-117.9132
309,Randy,Daniels,rdaniels8k@google.co.uk,Male,61.8288,16.0913
310,Doris,Diaz,ddiaz8l@wisc.edu,Female,9.91845,123.60743
311,Earl,Holmes,eholmes8m@symantec.com,Male,49.65833,6.08222
312,Norma,Mendoza,nmendoza8n@lulu.com,Female,49.54901,16.79078
313,Randy,Carr,rcarr8o@ihg.com,Male,-8.2111,113461
314,Margaret,Turner,mturner8p@cafepress.com,Female,38.5833,-8.7
315,Catherine,Rogers,crogers8q@tinypic.com,Female,40.14493,44.43054
316,Gary,Perry,gperry8r@de.vu,Male,48.9836,2.5256
317,Donald,Parker,dparker8s@dell.com,Male,-1.81563,-80.23308
318,Kathy,Smith,ksmith8t@marriott.com,Female,-27.21417,-49.64306
319,Rachel,Marshall,rmarshall8u@weather.com,Female,21.03228,105.80073
320,Fred,Black,fblack8v@google.com.br,Male,0.2018,99.37985
321,George,Perry,gperry8w@over-blog.com,Male,31.34454,118.33082
322,Paula,Garrett,pgarrett8x@mediafire.com,Female,34.66703,103.86852
323,Gerald,Dixon,gdixon8y@disqus.com,Male,-8.60988,116.22222
324,Benjamin,Rogers,brogers8z@ebay.co.uk,Male,32.61591,63.66681
325,Gary,Turner,gturner90@skype.com,Male,-6956,112.2986
326,Jean,Larson,jlarson91@cornell.edu,Female,8.84583,125.16639
327,Aaron,Murphy,amurphy92@example.com,Male,29.28339,120.02756
328,Lawrence,Powell,lpowell93@china.com.cn,Male,37.41853,66.04358
329,Shawn,Stephens,sstephens94@squidoo.com,Male,49.89397,20.60863
330,Joseph,Ferguson,jferguson95@pagesperso-orange.fr,Male,38.6531,-90.2435
331,Joseph,Warren,jwarren96@storify.com,Male,18.41667,-70.1
332,Carol,Gonzalez,cgonzalez97@washingtonpost.com,Female,30.21144,66.04765
333,Roger,Kelly,rkelly98@wikia.com,Male,-5.7706,105.6969
334,Philip,Franklin,pfranklin99@elpais.com,Male,-6.9072,113.8825
335,Elizabeth,Hunter,ehunter9a@lulu.com,Female,45.81516,19.6318
336,Rachel,Hicks,rhicks9b@addthis.com,Female,-2.23111,-45.3
337,Henry,Brooks,hbrooks9c@joomla.org,Male,50.96048,17.39702
338,Ruth,Meyer,rmeyer9d@weebly.com,Female,35.6895,139.69171
339,Beverly,Brooks,bbrooks9e@mapquest.com,Female,-29.22694,-53.68167
340,Willie,Mason,wmason9f@dmoz.org,Male,20.6262,-101158
341,Betty,Sanders,bsanders9g@berkeley.edu,Female,27.43363,119.87482
342,Janice,Tucker,jtucker9h@canalblog.com,Female,47.08139,28.17833
343,Cheryl,Green,cgreen9i@elpais.com,Female,49.4516,16.53716
344,Mark,Morgan,mmorgan9j@networksolutions.com,Male,38.8333,-9.45
345,Earl,Palmer,epalmer9k@wix.com,Male,32.3113,-90.3972
346,Anna,Gray,agray9l@ow.ly,Female,9999,123.4095
347,Kimberly,Alvarez,kalvarez9m@gravatar.com,Female,-16.44194,-51.11778
348,Jimmy,Reed,jreed9n@networksolutions.com,Male,61.19472,62.86889
349,Karen,Fowler,kfowler9o@nbcnews.com,Female,42.95639,19.09667
350,Joshua,Myers,jmyers9p@de.vu,Male,21.19293,110.3948
351,Roger,Howard,rhoward9q@toplist.cz,Male,40.0028,-83.0164
352,Carl,Jones,cjones9r@go.com,Male,-0.89477,110.50382
353,Carolyn,Dunn,cdunn9s@ustream.tv,Female,-8.0879,113.2481
354,Louise,Myers,lmyers9t@geocities.jp,Female,44.61685,-65.76555
355,Alan,Wright,awright9u@wordpress.com,Male,-28.18873,23.53951
356,Ann,Murray,amurray9v@state.gov,Female,32.34359,118.84986
357,Russell,Brown,rbrown9w@house.gov,Male,18.75031,-69.63525
358,Aaron,Carroll,acarroll9x@sogou.com,Male,39.46419,112.08044
359,Richard,Jones,rjones9y@alexa.com,Male,31.72914,115.91241
360,Jack,Rose,jrose9z@i2i.jp,Male,31.15194,121.19203
361,Joshua,Ford,jforda0@craigslist.org,Male,19.06,-98.7639
362,Albert,Marshall,amarshalla1@photobucket.com,Male,-12.13861,44.43026
363,Janet,Bowman,jbowmana2@t.co,Female,-7.07444,-40.37611
364,Richard,Edwards,redwardsa3@elpais.com,Male,29.73333,111.98333
365,Joyce,Hill,jhilla4@mail.ru,Female,33.26338,115.36108
366,Eric,Webb,ewebba5@diigo.com,Male,40.0417,-7.55
367,Daniel,Mccoy,dmccoya6@diigo.com,Male,-0.69819,-80.09361
368,Robin,Roberts,rrobertsa7@etsy.com,Female,-8.3153,123.1609
369,Christina,Carroll,ccarrolla8@typepad.com,Female,50.8837,5.9815
370,Arthur,Franklin,afranklina9@craigslist.org,Male,39.15752,117.18806
371,Janice,Stewart,jstewartaa@amazon.co.jp,Female,36.40638,100.18923
372,Harry,Alvarez,halvarezab@tinypic.com,Male,-21.1775,-47.81028
373,Norma,Davis,ndavisac@youtu.be,Female,15.49255,120.71723
374,Kathy,Perkins,kperkinsad@quantcast.com,Female,19.15029,101.1556
375,Patricia,King,pkingae@51.la,Female,49.43856,23.00056
376,Margaret,Black,mblackaf@geocities.com,Female,-6.83861,-35.12611
377,Heather,Scott,hscottag@oracle.com,Female,13.68935,-89.18718
378,Clarence,Howell,chowellah@economist.com,Male,16.07686,97.56388
379,Betty,Coleman,bcolemanai@hc360.com,Female,49.6344,21.78735
380,Ruth,Edwards,redwardsaj@privacy.gov.au,Female,30.74381,113.9271
381,Patricia,Dunn,pdunnak@canalblog.com,Female,34.38795,67.02327
382,Louis,Elliott,lelliottal@ox.ac.uk,Male,40.11512,94.60882
383,Heather,Harvey,hharveyam@sohu.com,Female,40.45076,50.08686
384,Laura,Hunter,lhunteran@macromedia.com,Female,33.90972,106.30222
385,Beverly,Graham,bgrahamao@imgur.com,Female,40.5851,43.94021
386,Laura,Woods,lwoodsap@wikia.com,Female,30.65,113.1
387,Julia,Patterson,jpattersonaq@dot.gov,Female,33.7866,-118.2987
388,Lawrence,Ross,lrossar@gizmodo.com,Male,31.73436,112.29148
389,Dorothy,Russell,drussellas@globo.com,Female,48.14966,38.57618
390,Melissa,Dixon,mdixonat@stanford.edu,Female,-9.40611,-38.21472
391,Eric,Snyder,esnyderau@naver.com,Male,52.56139,17.82311
392,Daniel,Kelly,dkellyav@hud.gov,Male,30.62747,120.44249
393,Kathleen,Parker,kparkeraw@soup.io,Female,-14.28222,-72.04194
394,Lori,Martin,lmartinax@jiathis.com,Female,0.49194,35.74303
395,Tammy,Montgomery,tmontgomeryay@oracle.com,Female,-28.51222,-50.93389
396,Kimberly,Duncan,kduncanaz@apache.org,Female,55.34101,38.72366
397,Linda,Watson,lwatsonb0@nba.com,Female,45.6745,6.3906
398,Michael,Ford,mfordb1@cafepress.com,Male,6.25184,-75.56359
399,Todd,Brown,tbrownb2@boston.com,Male,-22.27528,-51.5
400,Phillip,Bailey,pbaileyb3@constantcontact.com,Male,53.71667,-9
401,George,Gibson,ggibsonb4@com.com,Male,34.88808,44.63256
402,Susan,Carter,scarterb5@businesswire.com,Female,12.06157,0.35843
403,Steven,Cook,scookb6@vistaprint.com,Male,11.78,-0.36972
404,Marie,Bradley,mbradleyb7@wsj.com,Female,38.07514,112.65946
405,Frances,Perez,fperezb8@nytimes.com,Female,28.08472,112915
406,Marilyn,Ellis,mellisb9@house.gov,Female,50.59986,16.73896
407,Harry,Burke,hburkeba@sphinn.com,Male,59.2167,18.15
408,Kathryn,Wallace,kwallacebb@dion.ne.jp,Female,-32.19296,-64.25559
409,Lois,Day,ldaybc@toplist.cz,Female,38.54097,25.56287
410,Doris,Gordon,dgordonbd@yale.edu,Female,57.46931,42.28431
411,Paula,Morris,pmorrisbe@canalblog.com,Female,35.25459,24.63495
412,Amanda,Turner,aturnerbf@princeton.edu,Female,48.13947,22.97194
413,Jessica,Gonzales,jgonzalesbg@networkadvertising.org,Female,45.7485,4.8467
414,Carol,Alvarez,calvarezbh@google.com.au,Female,41.9939,-8.4985
415,Jacqueline,Lawson,jlawsonbi@blogtalkradio.com,Female,-2.1236,115.1958
416,Ronald,Reynolds,rreynoldsbj@list-manage.com,Male,27.90805,116.47421
417,Jennifer,Sims,jsimsbk@technorati.com,Female,43.97083,19.5675
418,Kevin,Adams,kadamsbl@exblog.jp,Male,31.79154,119.29592
419,Bruce,Robinson,brobinsonbm@yellowpages.com,Male,7.49567,134.63671
420,Theresa,Smith,tsmithbn@intel.com,Female,-31.66833,18.50119
421,Jimmy,Evans,jevansbo@arstechnica.com,Male,46.7361,15.4444
422,Nancy,Gardner,ngardnerbp@census.gov,Female,1.23132,34.24773
423,Martha,Wilson,mwilsonbq@npr.org,Female,33.91667,134.65
424,Alan,Wood,awoodbr@sfgate.com,Male,48.22258,135.05966
425,Margaret,Burns,mburnsbs@slideshare.net,Female,14.41667,-91.16667
426,Carol,Perry,cperrybt@a8.net,Female,34.4943,108.93317
427,Jonathan,Garrett,jgarrettbu@fda.gov,Male,36.9106,121.52504
428,Rebecca,Flores,rfloresbv@arstechnica.com,Female,48,0.2
429,Cynthia,Dunn,cdunnbw@sohu.com,Female,43.5575,43.85083
430,Edward,Burton,eburtonbx@sfgate.com,Male,-7.2365,107.8877
431,Anthony,Duncan,aduncanby@1und1.de,Male,-9.5084,124.3692
432,Donna,Andrews,dandrewsbz@printfriendly.com,Female,-19.98556,-43.84667
433,Amy,Brooks,abrooksc0@altervista.org,Female,6.86617,101.36894
434,Michael,Gonzalez,mgonzalezc1@tinypic.com,Male,3.1679,116.47027
435,Annie,Carroll,acarrollc2@360.cn,Female,58.16976,54.99634
436,William,Frazier,wfrazierc3@princeton.edu,Male,60.26013,20.77892
437,Melissa,Young,myoungc4@google.ru,Female,-6.6027,111.0133
438,Beverly,Wright,bwrightc5@twitter.com,Female,30.42682,118.84631
439,Theresa,Riley,trileyc6@furl.net,Female,-7.33333,-78.18333
440,Bobby,Meyer,bmeyerc7@nih.gov,Male,-9.5295,119.2674
441,Justin,Mendoza,jmendozac8@soup.io,Male,-7.5025,107967
442,Stephen,Sullivan,ssullivanc9@privacy.gov.au,Male,38.5585,-8.8833
443,Christopher,Grant,cgrantca@jigsy.com,Male,38.6765,-9.0932
444,Carl,Riley,crileycb@google.com,Male,25.83892,104.11952
445,Theresa,Greene,tgreenecc@blog.com,Female,-33.60643,-62.62304
446,Bruce,Montgomery,bmontgomerycd@github.io,Male,21.68216,-78.62567
447,Melissa,Hunt,mhuntce@cbslocal.com,Female,15.52112,120.61442
448,Harry,Montgomery,hmontgomerycf@pbs.org,Male,29.86409,116.31816
449,Jonathan,Lawson,jlawsoncg@unesco.org,Male,58.40503,51.13355
450,Susan,Porter,sporterch@jugem.jp,Female,52.01289,15.42317
451,Paula,Reed,preedci@wordpress.org,Female,55.9052,94.7537
452,Teresa,Tucker,ttuckercj@ucsd.edu,Female,1.45987,-77.44544
453,Jimmy,Cox,jcoxck@google.co.uk,Male,-20.41639,-42.90861
454,Diane,Lawson,dlawsoncl@auda.org.au,Female,10.3215,119.3451
455,Willie,Owens,wowenscm@t-online.de,Male,57.53928,26.69291
456,Wanda,Richards,wrichardscn@reverbnation.com,Female,32.5741,71.52639
457,Raymond,Gonzalez,rgonzalezco@ca.gov,Male,-7.2557,106.6142
458,Lawrence,Evans,levanscp@moonfruit.com,Male,-25.73239,-59.10879
459,Donna,Ruiz,druizcq@blogspot.com,Female,48.05657,38.43826
460,Donald,Fox,dfoxcr@163.com,Male,27.48073,118.40753
461,Martin,Carter,mcartercs@bloglovin.com,Male,44.9167,2.45
462,Pamela,Lynch,plynchct@google.ca,Female,37.0318,-76.3199
463,Peter,Fernandez,pfernandezcu@hud.gov,Male,28.20389,99.80944
464,Donald,Alexander,dalexandercv@sfgate.com,Male,48.38492,25.51023
465,Robert,Hansen,rhansencw@aboutads.info,Male,51.00727,22.71097
466,Timothy,Hawkins,thawkinscx@discuz.net,Male,6.72556,124.06889
467,Virginia,Banks,vbankscy@ycombinator.com,Female,59238,14.4308
468,Dennis,Jacobs,djacobscz@ucsd.edu,Male,30.60599,114.43185
469,Anna,Russell,arusselld0@clickbank.net,Female,53.21986,15.75946
470,Walter,Nelson,wnelsond1@t-online.de,Male,16.40506,102.34239
471,Andrew,Moreno,amorenod2@studiopress.com,Male,18.18095,-74.00104
472,Denise,Marshall,dmarshalld3@cisco.com,Female,-7.3274,108.3161
473,John,Burns,jburnsd4@tinyurl.com,Male,33.0169,-116846
474,Judy,Scott,jscottd5@netvibes.com,Female,-6.9674,112.5513
475,Theresa,Rose,trosed6@dagondesign.com,Female,49.98197,72.60761
476,Benjamin,Young,byoungd7@vimeo.com,Male,9.73917,118.73528
477,Virginia,Henry,vhenryd8@ask.com,Female,57721,12.9401
478,Russell,Howard,rhowardd9@ovh.net,Male,-8.1714,111.7981
479,Nicholas,Ward,nwardda@slashdot.org,Male,26.75002,118.46501
480,Alice,Alvarez,aalvarezdb@illinois.edu,Female,24362,-98.8582
481,Dorothy,Mendoza,dmendozadc@github.com,Female,33.7866,-118.2987
482,Dorothy,Banks,dbanksdd@google.co.jp,Female,38.14657,23.85608
483,Kathryn,Howard,khowardde@goo.ne.jp,Female,41.4417,-8.75
484,Jacqueline,Taylor,jtaylordf@desdev.cn,Female,39.70822,20.72656
485,Henry,Jordan,hjordandg@xinhuanet.com,Male,-23.66778,-46.46139
486,Evelyn,Moreno,emorenodh@yahoo.com,Female,9.1848,-10.09987
487,Jerry,Payne,jpaynedi@huffingtonpost.com,Male,48.48333,124.48333
488,Russell,Oliver,roliverdj@imdb.com,Male,56.4269,12.8534
489,Antonio,Lane,alanedk@cnn.com,Male,27.12333,109.73778
490,Kathryn,Adams,kadamsdl@usgs.gov,Female,-11.77584,-75.49656
491,Katherine,West,kwestdm@nih.gov,Female,40.7792,-7.9058
492,Jason,Hamilton,jhamiltondn@delicious.com,Male,42.95639,19.09667
493,Bobby,Perkins,bperkinsdo@storify.com,Male,49.63256,13.31323
494,Christopher,Knight,cknightdp@networksolutions.com,Male,-6.81167,107.6175
495,Mildred,Flores,mfloresdq@gnu.org,Female,47.9029,1.9039
496,Clarence,Daniels,cdanielsdr@symantec.com,Male,49.11928,16.60446
497,Sarah,Myers,smyersds@cpanel.net,Female,11.27251,-73.30911
498,Roy,Jackson,rjacksondt@comcast.net,Male,50.05251,19.37525
499,Virginia,Kelley,vkelleydu@oaic.gov.au,Female,24.38583,115.43068
500,Joan,Simmons,jsimmonsdv@msu.edu,Female,-15.30833,-49.59833
501,Christine,Burton,cburtondw@soundcloud.com,Female,33.39671,36.45491
502,Robert,Miller,rmillerdx@myspace.com,Male,1.14933,-76.64661
503,Walter,Vasquez,wvasquezdy@cnn.com,Male,-27.4,-56.9
504,Helen,Sims,hsimsdz@theatlantic.com,Female,-11.78333,19.91667
505,Jane,Kim,jkime0@squidoo.com,Female,12.67024,13.61174
506,Melissa,Torres,mtorrese1@dedecms.com,Female,4.85763,6.64519
507,Kenneth,Martin,kmartine2@mozilla.com,Male,38.82219,114.34219
508,Doris,Morales,dmoralese3@google.nl,Female,33.7866,-118.2987
509,Helen,Garrett,hgarrette4@amazon.com,Female,-7.5591,108.7376
510,Evelyn,Sims,esimse5@seesaa.net,Female,49.55114,18.82683
511,Dorothy,Franklin,dfrankline6@liveinternet.ru,Female,27.04411,31.31897
512,Denise,Willis,dwillise7@unc.edu,Female,56.21566,43.28802
513,Victor,Romero,vromeroe8@barnesandnoble.com,Male,58.2837,12.2886
514,Ryan,Oliver,rolivere9@statcounter.com,Male,24.50178,113.68078
515,Martin,Lynch,mlynchea@hp.com,Male,34.45,119.55
516,Emily,Jones,ejoneseb@google.ru,Female,30.69683,120.30782
517,Joshua,Gardner,jgardnerec@dedecms.com,Male,6.6667,6.63076
518,Kathleen,Simpson,ksimpsoned@photobucket.com,Female,37.20682,126.8169
519,Susan,Lawrence,slawrenceee@army.mil,Female,48.44963,-123.50261
520,Kelly,Olson,kolsonef@nymag.com,Female,-29.70167,-51.24194
521,Juan,Gutierrez,jgutierrezeg@statcounter.com,Male,34.78768,104.77531
522,Diane,Hernandez,dhernandezeh@parallels.com,Female,45.1667,5.7167
523,Christina,Brown,cbrownei@businessinsider.com,Female,51.01257,18.79658
524,Bobby,Kelly,bkellyej@vistaprint.com,Male,55.8393,13.3039
525,Dorothy,George,dgeorgeek@mediafire.com,Female,4.88333,38.08333
526,William,Diaz,wdiazel@ucoz.com,Male,38.3774,-121.4444
527,Randy,Gordon,rgordonem@mysql.com,Male,41.51444,20.96333
528,Timothy,Campbell,tcampbellen@tiny.cc,Male,9.5162,123158
529,Stephen,Meyer,smeyereo@adobe.com,Male,41.1667,-7.7333
530,Emily,Moore,emooreep@mtv.com,Female,32.9,99.58333
531,John,Garcia,jgarciaeq@msn.com,Male,52.81983,20.29198
532,Jessica,Nichols,jnicholser@instagram.com,Female,51.7578,48.5413
533,Gloria,Price,gpricees@gravatar.com,Female,-22.21056,-49.65611
534,Sara,Rivera,sriveraet@rambler.ru,Female,-14.35972,-69.61889
535,Keith,Thompson,kthompsoneu@uiuc.edu,Male,59.4225,16.0966
536,Virginia,Howell,vhowellev@theatlantic.com,Female,44.36556,19.36194
537,Lisa,Thompson,lthompsonew@businesswire.com,Female,62.03389,129.73306
538,Kathleen,Henry,khenryex@barnesandnoble.com,Female,30.91127,108.15926
539,Ernest,Dixon,edixoney@scribd.com,Male,35.96955,111.35922
540,Benjamin,Berry,bberryez@cargocollective.com,Male,49.83726,20.68056
541,Diane,Castillo,dcastillof0@nih.gov,Female,12.17328,7.77424
542,Carol,Mills,cmillsf1@marriott.com,Female,44.9104,19.44916
543,Robert,Mason,rmasonf2@bloglines.com,Male,40.82615,22.59279
544,Patrick,Barnes,pbarnesf3@jalbum.net,Male,57.17355,45.12272
545,Jeffrey,Sanchez,jsanchezf4@nasa.gov,Male,28.40861,109.94056
546,Carlos,Rogers,crogersf5@ehow.com,Male,24.7547,112.58401
547,Benjamin,King,bkingf6@cnn.com,Male,31.44302,118.34893
548,Jeffrey,Hunt,jhuntf7@issuu.com,Male,48.8835,2.3219
549,Gary,Schmidt,gschmidtf8@biblegateway.com,Male,-7.3672,107.1502
550,Virginia,Sullivan,vsullivanf9@oaic.gov.au,Female,-6718,111487
551,Sean,Cruz,scruzfa@yolasite.com,Male,-7.0517,106.8601
552,Jack,Moore,jmoorefb@exblog.jp,Male,-35.59559,-64.55778
553,Mark,Wood,mwoodfc@toplist.cz,Male,42.16297,47.63068
554,Howard,Lee,hleefd@youtu.be,Male,22571,58.69472
555,Marilyn,Matthews,mmatthewsfe@mashable.com,Female,48.68204,37.53266
556,Donald,Daniels,ddanielsff@dedecms.com,Male,18.4726,120.5763
557,Patrick,Armstrong,parmstrongfg@myspace.com,Male,-10.1733,123.6374
558,Stephen,Willis,swillisfh@msu.edu,Male,40.76426,43.77474
559,Brandon,Johnson,bjohnsonfi@barnesandnoble.com,Male,36.2378,139.19023
560,Arthur,Bennett,abennettfj@ft.com,Male,54.4235,27.8301
561,Carlos,Elliott,celliottfk@dion.ne.jp,Male,-6.9046,112.0032
562,Sharon,Jackson,sjacksonfl@bandcamp.com,Female,25.14944,111.64944
563,Rose,Rivera,rriverafm@cargocollective.com,Female,-25.50972,-54.61111
564,Jacqueline,Long,jlongfn@usgs.gov,Female,-1.1143,133.9361
565,Arthur,Lawrence,alawrencefo@wordpress.com,Male,22.63696,90.27195
566,William,Crawford,wcrawfordfp@comcast.net,Male,23.01011,116.4571
567,Deborah,Woods,dwoodsfq@google.es,Female,52.54682,19.70638
568,Billy,White,bwhitefr@issuu.com,Male,6.03111,120.99194
569,Raymond,Jenkins,rjenkinsfs@narod.ru,Male,25.94167,112.10944
570,Paula,Watkins,pwatkinsft@xrea.com,Female,36.0511,107.0454
571,Joan,Crawford,jcrawfordfu@imageshack.us,Female,-14.09306,-46.36944
572,Linda,Adams,ladamsfv@yahoo.com,Female,31.21564,29.95527
573,Julia,Lynch,jlynchfw@cam.ac.uk,Female,23.56268,114.2744
574,Barbara,Wright,bwrightfx@cpanel.net,Female,10.61616,47.36795
575,Christopher,Woods,cwoodsfy@ihg.com,Male,40.83444,19.55222
576,Joyce,Morales,jmoralesfz@reference.com,Female,49.81406,18.72062
577,Susan,Richardson,srichardsong0@facebook.com,Female,38.82,-77.0589
578,Donald,Nichols,dnicholsg1@is.gd,Male,25.29336,32.55402
579,Ruth,Kelley,rkelleyg2@spiegel.de,Female,-19.41361,-42.41944
580,Ruby,Sanchez,rsanchezg3@disqus.com,Female,41.2111,-8.3278
581,Bruce,Gonzalez,bgonzalezg4@wikia.com,Male,15.03333,-88.83333
582,Anthony,Griffin,agriffing5@buzzfeed.com,Male,45.24028,13.93667
583,Christina,Garcia,cgarciag6@ihg.com,Female,-6757,111.2971
584,Beverly,Cook,bcookg7@japanpost.jp,Female,31.52406,108.8694
585,Albert,Stewart,astewartg8@umich.edu,Male,47.2173,-1.5534
586,Aaron,Edwards,aedwardsg9@angelfire.com,Male,48.8412,2.3876
587,George,Jackson,gjacksonga@google.cn,Male,48.6,15.15
588,Julia,Harrison,jharrisongb@wordpress.org,Female,47.2488,6.0182
589,Diane,Knight,dknightgc@sogou.com,Female,48.8574,2.3795
590,Maria,Cunningham,mcunninghamgd@howstuffworks.com,Female,59.3326,18.0649
591,Michael,Clark,mclarkge@latimes.com,Male,-22.9,44.53333
592,Lillian,Bowman,lbowmangf@aboutads.info,Female,58.2839,57725
593,Robert,Chapman,rchapmangg@mtv.com,Male,14.48333,-88.8
594,Andrew,Hawkins,ahawkinsgh@weibo.com,Male,-16.77251,31.58381
595,Denise,Reynolds,dreynoldsgi@csmonitor.com,Female,41.2083,-8.5292
596,Johnny,Ellis,jellisgj@scientificamerican.com,Male,-6.1919,106.0877
597,Clarence,Ray,craygk@google.com,Male,-24.7718,25.42156
598,Ann,Medina,amedinagl@smugmug.com,Female,41.60893,112.86356
599,Jose,Rogers,jrogersgm@microsoft.com,Male,55.74576,38.13136
600,Sharon,Mendoza,smendozagn@statcounter.com,Female,6.9909,79883
601,Kevin,Hayes,khayesgo@facebook.com,Male,-4.86736,104.70308
602,Catherine,Taylor,ctaylorgp@go.com,Female,34.82022,138.12775
603,Diane,Mccoy,dmccoygq@yellowpages.com,Female,-8.18812,15.37495
604,Fred,Bennett,fbennettgr@mysql.com,Male,3139,101.6869
605,Peter,Martinez,pmartinezgs@bing.com,Male,36.7499,45.7229
606,Samuel,Gutierrez,sgutierrezgt@baidu.com,Male,9.70825,124.10717
607,Doris,Ruiz,druizgu@php.net,Female,-19.86586,47.03333
608,Carlos,Dunn,cdunngv@virginia.edu,Male,9.28333,12.23333
609,Anne,Parker,aparkergw@google.ru,Female,52.5798,33.7644
610,John,Gray,jgraygx@gov.uk,Male,11.54912,8.57464
611,Marilyn,Montgomery,mmontgomerygy@noaa.gov,Female,41.2833,-8.25
612,Gerald,Wright,gwrightgz@nsw.gov.au,Male,23.31072,116.16869
613,Deborah,Holmes,dholmesh0@vkontakte.ru,Female,57.75361,24.35806
614,Carolyn,Berry,cberryh1@yolasite.com,Female,45.52778,13.57056
615,Todd,Garcia,tgarciah2@discuz.net,Male,28.43913,120.53062
616,Frank,Murphy,fmurphyh3@google.es,Male,-42.8794,147.3294
617,Judith,Schmidt,jschmidth4@list-manage.com,Female,2.03711,45.34375
618,Judy,Mitchell,jmitchellh5@rakuten.co.jp,Female,-11.51893,-75.89935
619,Nancy,Graham,ngrahamh6@google.pl,Female,26.9402,117.37372
620,Jacqueline,Green,jgreenh7@craigslist.org,Female,25.8507,-80.2366
621,Larry,Martin,lmartinh8@craigslist.org,Male,17.0089,-91.6396
622,Joshua,Thompson,jthompsonh9@homestead.com,Male,-29.28483,-67.03308
623,Rebecca,Mason,rmasonha@google.com.au,Female,41.26,-8.52
624,Denise,Carr,dcarrhb@army.mil,Female,-8.5535,116.4198
625,Evelyn,Andrews,eandrewshc@shinystat.com,Female,33.48778,48.35583
626,Barbara,Wallace,bwallacehd@springer.com,Female,45133,37.33826
627,Juan,Hudson,jhudsonhe@twitter.com,Male,-6.70611,106.82139
628,Bonnie,Hughes,bhugheshf@google.ca,Female,28.25517,115682
629,Ashley,Gomez,agomezhg@ehow.com,Female,-21.83833,-51.61028
630,Doris,Green,dgreenhh@flickr.com,Female,14.51833,-90.72667
631,Phyllis,Garcia,pgarciahi@freewebs.com,Female,22.68759,90.64403
632,Ernest,Lawrence,elawrencehj@amazon.com,Male,-21.34028,-47.72944
633,Louis,Marshall,lmarshallhk@zimbio.com,Male,31.25444,74.21778
634,Benjamin,Brooks,bbrookshl@sciencedirect.com,Male,46.52019,15.88657
635,Emily,Garza,egarzahm@va.gov,Female,-9.49361,-77.85944
636,Russell,Stewart,rstewarthn@google.cn,Male,-8.0502,111.95
637,Rachel,Hayes,rhayesho@zimbio.com,Female,34.53879,36.91909
638,Elizabeth,Wright,ewrighthp@gnu.org,Female,58.2837,12.2886
639,Christine,Flores,cfloreshq@si.edu,Female,17.99948,100.88014
640,Frances,Mcdonald,fmcdonaldhr@jalbum.net,Female,20.43671,106.29116
641,Richard,Davis,rdavishs@dell.com,Male,51787,30.2677
642,Bobby,Mendoza,bmendozaht@macromedia.com,Male,55.96667,25.58333
643,Gerald,Johnston,gjohnstonhu@virginia.edu,Male,26.58333,106.71667
644,Andrew,Hawkins,ahawkinshv@tripadvisor.com,Male,49.52055,17.93004
645,Carlos,Walker,cwalkerhw@dmoz.org,Male,4.9547,9.9404
646,Larry,Payne,lpaynehx@nature.com,Male,59.2741,15.2066
647,Cheryl,Sims,csimshy@webs.com,Female,-6.2607,106.0028
648,Cynthia,Mccoy,cmccoyhz@free.fr,Female,13.96118,99.64122
649,Juan,Jones,jjonesi0@si.edu,Male,29.66169,117.86407
650,Mary,Bailey,mbaileyi1@shareasale.com,Female,38.31942,23.79649
651,Brandon,Hernandez,bhernandezi2@bbc.co.uk,Male,38985,117.38278
652,Michael,Jackson,mjacksoni3@vistaprint.com,Male,-23.07444,-44.95972
653,Bruce,Welch,bwelchi4@amazon.co.jp,Male,0.85905,-77.5195
654,Melissa,Duncan,mduncani5@mashable.com,Female,29.40769,109.91931
655,Daniel,Chavez,dchavezi6@reference.com,Male,32.7587,61.65397
656,Justin,Russell,jrusselli7@canalblog.com,Male,4.7024,100.7738
657,Ronald,Cook,rcooki8@digg.com,Male,43.61528,16.69361
658,Keith,Hayes,khayesi9@liveinternet.ru,Male,41.45174,47.93027
659,Kathryn,Medina,kmedinaia@mapy.cz,Female,5.83739,-5.35723
660,Edward,Powell,epowellib@domainmarket.com,Male,40.4071,-7.5619
661,Thomas,Little,tlittleic@ebay.com,Male,30.92207,110.72855
662,Heather,Schmidt,hschmidtid@eepurl.com,Female,50.98916,33.9707
663,Russell,Simpson,rsimpsonie@loc.gov,Male,-8.72332,115.17234
664,Daniel,James,djamesif@jigsy.com,Male,32.75668,12.57159
665,Rose,Wells,rwellsig@delicious.com,Female,6933,79.9297
666,Beverly,Morrison,bmorrisonih@google.co.jp,Female,-22.06806,-46.56917
667,Chris,Cunningham,ccunninghamii@census.gov,Male,24.83677,116.91867
668,Sara,Crawford,scrawfordij@samsung.com,Female,-12.28389,-40.49389
669,Judy,Perry,jperryik@over-blog.com,Female,33.9973,99.44638
670,Joyce,Howell,jhowellil@desdev.cn,Female,45.05752,-77.85702
671,Anna,Sanders,asandersim@smugmug.com,Female,33.93624,105.21625
672,Mary,Hawkins,mhawkinsin@va.gov,Female,59.8907,10.5277
673,Jessica,Taylor,jtaylorio@about.me,Female,14.02056,121.35722
674,Howard,Nguyen,hnguyenip@youtube.com,Male,2324,98.4571
675,Larry,Cruz,lcruziq@gnu.org,Male,44.87278,18.80833
676,Beverly,Berry,bberryir@simplemachines.org,Female,29.63196,120.85588
677,Billy,Jenkins,bjenkinsis@tiny.cc,Male,29.73333,111.98333
678,Joyce,Fisher,jfisherit@mapquest.com,Female,19.2985,-99.5903
679,Alan,Sanchez,asancheziu@barnesandnoble.com,Male,22.7279,115.50258
680,Lawrence,Long,llongiv@quantcast.com,Male,40.25684,72.12793
681,Russell,Duncan,rduncaniw@sohu.com,Male,33.83389,35.54417
682,Patrick,Fox,pfoxix@altervista.org,Male,35.05587,103.12599
683,Earl,Matthews,ematthewsiy@go.com,Male,-47.75034,-65.89382
684,Phyllis,Phillips,pphillipsiz@1und1.de,Female,59.4032,17.9448
685,Roger,Wallace,rwallacej0@amazon.co.uk,Male,10.8,122.45
686,Roy,Frazier,rfrazierj1@discuz.net,Male,53.72226,18.49051
687,Julie,Wheeler,jwheelerj2@macromedia.com,Female,52.13342,-113.8687
688,Kevin,Ferguson,kfergusonj3@pinterest.com,Male,30.43,-97.8326
689,Donald,Gilbert,dgilbertj4@ustream.tv,Male,51.69225,21.81112
690,Christina,George,cgeorgej5@npr.org,Female,35.47587,24.03995
691,Stephen,Wilson,swilsonj6@php.net,Male,1.04111,30.48111
692,Scott,Porter,sporterj7@tripadvisor.com,Male,-28.24,-48.67028
693,Lillian,Hill,lhillj8@aol.com,Female,39.8833,-8.9167
694,Aaron,Jordan,ajordanj9@imdb.com,Male,0.97491,-77.52741
695,Nicole,Morris,nmorrisja@msu.edu,Female,55.74678,37.17347
696,Victor,Mason,vmasonjb@hud.gov,Male,46.95957,37.39981
697,Jane,Sanchez,jsanchezjc@reuters.com,Female,51.5,12
698,Deborah,Dean,ddeanjd@icio.us,Female,15.8884,120.2378
699,Gerald,Perry,gperryje@google.co.jp,Male,29.97371,32.52627
700,Kevin,Shaw,kshawjf@arstechnica.com,Male,42.97583,141.56722
701,Brenda,Fox,bfoxjg@usda.gov,Female,5.61637,-73.81748
702,Donald,Austin,daustinjh@illinois.edu,Male,41.5396,-8.3688
703,Matthew,Lawson,mlawsonji@unesco.org,Male,17.29484,-62.7261
704,Rose,Carpenter,rcarpenterjj@sourceforge.net,Female,51.13762,20.57173
705,Jeffrey,Johnston,jjohnstonjk@marketwatch.com,Male,15.01667,48.01667
706,Donna,Mills,dmillsjl@businessweek.com,Female,50.39189,18.1368
707,Louis,Campbell,lcampbelljm@mapquest.com,Male,46.9929,95.19962
708,Melissa,Phillips,mphillipsjn@slate.com,Female,2.57286,-72.64591
709,Nicole,Franklin,nfranklinjo@foxnews.com,Female,-30.99471,-62.82576
710,Samuel,Howard,showardjp@eepurl.com,Male,39.55,-8.4417
711,Virginia,Snyder,vsnyderjq@dyndns.org,Female,31.87483,118.15596
712,Heather,Perry,hperryjr@spiegel.de,Female,49.83583,6.29167
713,Sean,Morales,smoralesjs@marriott.com,Male,16.0567,103.65309
714,Patricia,Murray,pmurrayjt@npr.org,Female,15.42495,120.77476
715,Chris,Oliver,coliverju@prnewswire.com,Male,-7.5088,108.2386
716,Joe,Robertson,jrobertsonjv@answers.com,Male,49.92721,16.29401
717,Peter,Brown,pbrownjw@deliciousdays.com,Male,27.9246,-80.5235
718,Henry,Ellis,hellisjx@ycombinator.com,Male,-7.1344,106.6979
719,Bonnie,Morgan,bmorganjy@netlog.com,Female,-21.92194,-50.73389
720,Susan,Gilbert,sgilbertjz@reference.com,Female,-3.73611,-38.65306
721,Peter,Wright,pwrightk0@microsoft.com,Male,52.45014,-109.16816
722,Howard,Ramirez,hramirezk1@sbwire.com,Male,42.04444,19.89972
723,Doris,Ford,dfordk2@unblog.fr,Female,7.2,38.6
724,Kelly,Bowman,kbowmank3@ustream.tv,Female,-12.50583,-38.99861
725,Randy,Hansen,rhansenk4@youku.com,Male,8.26682,16.93898
726,Cynthia,Gardner,cgardnerk5@sohu.com,Female,11.74321,-86.21413
727,Ernest,Williamson,ewilliamsonk6@vistaprint.com,Male,12.9591,-2.26075
728,Patrick,Ramirez,pramirezk7@prlog.org,Male,24.91705,103.13968
729,Andrew,Harvey,aharveyk8@princeton.edu,Male,-17.37556,-70.13222
730,Annie,Palmer,apalmerk9@github.io,Female,49.54152,15.35932
731,Billy,Morris,bmorriska@yolasite.com,Male,53.70944,37.29194
732,Emily,Dunn,edunnkb@scientificamerican.com,Female,-7187,111.4987
733,Joan,Taylor,jtaylorkc@naver.com,Female,27.9519,57.6996
734,Jerry,Hawkins,jhawkinskd@multiply.com,Male,50.15594,14.18897
735,Ann,Peters,apeterske@phpbb.com,Female,26.07903,113.94062
736,Rachel,Fowler,rfowlerkf@gizmodo.com,Female,24.15908,114.93989
737,Raymond,Hansen,rhansenkg@wikispaces.com,Male,47.09077,125.90642
738,Karen,Long,klongkh@google.es,Female,-2.7406,111.7329
739,Amanda,White,awhiteki@desdev.cn,Female,47.2173,-1.5534
740,Phillip,Elliott,pelliottkj@uiuc.edu,Male,24.74038,118.62906
741,Ralph,Robertson,rrobertsonkk@mysql.com,Male,53.34492,14.87143
742,David,Clark,dclarkkl@reddit.com,Male,50.37961,25.70843
743,Sharon,Martin,smartinkm@youtube.com,Female,-7.0099,108.1698
744,Stephanie,Fields,sfieldskn@flavors.me,Female,44.69139,44.17444
745,Julie,Sullivan,jsullivanko@rakuten.co.jp,Female,41.8933,-8.4378
746,Thomas,Sanchez,tsanchezkp@printfriendly.com,Male,30.11377,122.0867
747,Katherine,Day,kdaykq@etsy.com,Female,30.29345,122.12264
748,Mary,Rogers,mrogerskr@pinterest.com,Female,49.89313,13.38295
749,Betty,Daniels,bdanielsks@accuweather.com,Female,44.30012,-78.31623
750,Debra,Chavez,dchavezkt@google.com.br,Female,41.5556,-8.3222
751,Carlos,Meyer,cmeyerku@shop-pro.jp,Male,-6967,113.7517
752,Wanda,Pierce,wpiercekv@hc360.com,Female,49.64043,13.51962
753,Joseph,Mason,jmasonkw@devhub.com,Male,-6.6627,106.3391
754,Mark,Taylor,mtaylorkx@cornell.edu,Male,4.86806,-75.62139
755,Ernest,Anderson,eandersonky@archive.org,Male,-15.45278,-47.61417
756,Ernest,Frazier,efrazierkz@smh.com.au,Male,59.3326,18.0649
757,Angela,Lawrence,alawrencel0@goo.ne.jp,Female,49.97822,15.20856
758,Harold,Sullivan,hsullivanl1@ox.ac.uk,Male,-6.9159,113.1389
759,Gary,Olson,golsonl2@cafepress.com,Male,43.4833,-1.4833
760,Shirley,Ford,sfordl3@engadget.com,Female,36.68333,139.96667
761,Kevin,Cooper,kcooperl4@pen.io,Male,40.4956,-8.6735
762,Bruce,Carpenter,bcarpenterl5@bandcamp.com,Male,-8.5793,115.1334
763,Scott,Bradley,sbradleyl6@furl.net,Male,52.5154,13.3194
764,Robert,Mcdonald,rmcdonaldl7@indiatimes.com,Male,40.25532,22.07543
765,Lois,Rice,lricel8@jimdo.com,Female,49.85802,18.97708
766,Joyce,Phillips,jphillipsl9@cnn.com,Female,36.63333,139.05
767,Ryan,Marshall,rmarshallla@ow.ly,Male,30.0285,120.57419
768,Peter,Mills,pmillslb@arstechnica.com,Male,-7.1764,111.7137
769,Earl,Hunter,ehunterlc@disqus.com,Male,17.15026,-25.02007
770,Bruce,Tucker,btuckerld@blog.com,Male,40.34563,23.31026
771,Jane,Hart,jhartle@tumblr.com,Female,-8.75222,-67.39778
772,Joseph,Watson,jwatsonlf@xrea.com,Male,45.84756,47.56635
773,Gerald,Reynolds,greynoldslg@reddit.com,Male,67.2588,15.3918
774,Carl,Watkins,cwatkinslh@ehow.com,Male,-8.31667,114.23333
775,Denise,Webb,dwebbli@github.com,Female,47.70693,106.95276
776,Norma,Fuller,nfullerlj@merriam-webster.com,Female,43.34116,52.86192
777,Ann,Graham,agrahamlk@joomla.org,Female,17.2939,120.4449
778,Philip,Lane,planell@blogspot.com,Male,49.1833,6.9
779,Jennifer,Hall,jhalllm@si.edu,Female,25.19244,118.36319
780,Louise,Lawson,llawsonln@addthis.com,Female,41.2667,-8.3625
781,Kathryn,Marshall,kmarshalllo@reddit.com,Female,55.21664,-119.43605
782,Angela,Stevens,astevenslp@shinystat.com,Female,59.3059,17.9872
783,Joseph,Palmer,jpalmerlq@google.nl,Male,6.38309,-5.41759
784,Jane,Gordon,jgordonlr@ucla.edu,Female,-19.46583,-44.24667
785,Heather,Williamson,hwilliamsonls@google.it,Female,13859,123.7675
786,Roy,Ramos,rramoslt@nasa.gov,Male,57.7167,13.0833
787,Catherine,Mendoza,cmendozalu@sphinn.com,Female,35.04321,25.09277
788,Nicole,Jacobs,njacobslv@4shared.com,Female,25.91654,116.83873
789,Elizabeth,Ray,eraylw@reuters.com,Female,27.72444,119.38306
790,Julia,Diaz,jdiazlx@pinterest.com,Female,41.2833,-8.25
791,Sharon,Rice,sricely@loc.gov,Female,-10.07722,-76.21194
792,Martin,George,mgeorgelz@ustream.tv,Male,55.89303,38.0586
793,Sarah,Dixon,sdixonm0@istockphoto.com,Female,37.06667,21.63333
794,Jack,Burke,jburkem1@ed.gov,Male,-28.71333,-49.3
795,Julia,Schmidt,jschmidtm2@hud.gov,Female,49.87478,20.03709
796,Ann,Cooper,acooperm3@wunderground.com,Female,29.28065,105.70568
797,Kathleen,Johnson,kjohnsonm4@naver.com,Female,15.6605,120.7683
798,Nicole,West,nwestm5@rakuten.co.jp,Female,49.81179,15.18319
799,Douglas,Montgomery,dmontgomerym6@vimeo.com,Male,14.49208,100.78431
800,Ruby,Richardson,rrichardsonm7@e-recht24.de,Female,66.3878,23.6543
801,Harold,Austin,haustinm8@intel.com,Male,37.1,-8.8
802,John,Lee,jleem9@mozilla.com,Male,-26.85,-55.53333
803,Doris,Ellis,dellisma@aboutads.info,Female,49.84485,20.37415
804,Judy,Welch,jwelchmb@illinois.edu,Female,-6928,113.7921
805,Henry,Ryan,hryanmc@hostgator.com,Male,-33.66386,-70.92734
806,Shawn,White,swhitemd@domainmarket.com,Male,52.74357,17.33213
807,Rose,Mendoza,rmendozame@whitehouse.gov,Female,35.71667,140.23333
808,Kimberly,Stewart,kstewartmf@accuweather.com,Female,38.94813,22.8398
809,Raymond,Freeman,rfreemanmg@liveinternet.ru,Male,31.95008,119.65373
810,Carol,Boyd,cboydmh@google.com.br,Female,54.74306,55.96779
811,Lawrence,Lee,lleemi@eepurl.com,Male,56.55,36.43333
812,Eric,Campbell,ecampbellmj@edublogs.org,Male,29.26616,107.54954
813,Timothy,Lane,tlanemk@yahoo.com,Male,27.67658,85.31417
814,Ruth,Ortiz,rortizml@hud.gov,Female,52.27994,36.22461
815,Jessica,Mcdonald,jmcdonaldmm@dedecms.com,Female,50.05,46.88333
816,Ashley,Torres,atorresmn@mapy.cz,Female,37.15368,9.78594
817,Frank,Campbell,fcampbellmo@wikipedia.org,Male,48.9188,2254
818,Michael,Howard,mhowardmp@opensource.org,Male,62.93373,152.39109
819,Paul,Simpson,psimpsonmq@eepurl.com,Male,-15.80778,-42.23306
820,Kathleen,Martin,kmartinmr@drupal.org,Female,30.01033,119.39694
821,Henry,Medina,hmedinams@youtu.be,Male,49.7167,-112.61854
822,Melissa,Carr,mcarrmt@archive.org,Female,60.65,25.56667
823,Clarence,Ross,crossmu@ifeng.com,Male,-9.7259,119.3396
824,Betty,Webb,bwebbmv@gnu.org,Female,-8.6268,120.4599
825,Benjamin,Carroll,bcarrollmw@w3.org,Male,50.52644,36.30107
826,Carl,Mendoza,cmendozamx@psu.edu,Male,25.70069,119.51462
827,Juan,Pierce,jpiercemy@behance.net,Male,31.41667,73.08333
828,Ryan,Kelly,rkellymz@intel.com,Male,10.83122,5.82494
829,Patrick,Porter,pportern0@live.com,Male,30.90641,119.40865
830,Karen,Howard,khowardn1@ebay.co.uk,Female,58.6706,17.1015
831,Katherine,Matthews,kmatthewsn2@sbwire.com,Female,-8.9117,117684
832,Phillip,Franklin,pfranklinn3@bluehost.com,Male,33.03929,106.93447
833,Martha,Butler,mbutlern4@tripod.com,Female,46.5272,32.52417
834,Amanda,Harrison,aharrisonn5@blogspot.com,Female,29.90387,121.57865
835,Anna,Lawson,alawsonn6@hao123.com,Female,50.38938,18.34929
836,Theresa,Garcia,tgarcian7@ucla.edu,Female,14.96806,120.95472
837,Daniel,Nichols,dnicholsn8@liveinternet.ru,Male,25.6428,115.42234
838,Frank,Murphy,fmurphyn9@foxnews.com,Male,55.66853,39.87488
839,Steven,Hansen,shansenna@nymag.com,Male,25.44296,119.11568
840,Randy,Simmons,rsimmonsnb@joomla.org,Male,54.9872,82.7166
841,Adam,Ramos,aramosnc@elegantthemes.com,Male,35.7,10.8
842,Tina,Adams,tadamsnd@histats.com,Female,-7.2815,108.2903
843,Wayne,Allen,wallenne@sourceforge.net,Male,-7.7516,114.1829
844,Anthony,Griffin,agriffinnf@facebook.com,Male,47.16518,126.85192
845,Diane,Flores,dfloresng@tripod.com,Female,30.05606,109.82418
846,Kelly,Stephens,kstephensnh@liveinternet.ru,Female,-29.76028,-51.14722
847,Lisa,Brown,lbrownni@nbcnews.com,Female,6.9895,81.0557
848,Raymond,Spencer,rspencernj@comcast.net,Male,-7585,108.4734
849,Eugene,Moore,emoorenk@samsung.com,Male,-5.81944,-46.13861
850,Frank,Peterson,fpetersonnl@independent.co.uk,Male,-6.8,39.25
851,Tammy,Peters,tpetersnm@umn.edu,Female,44.5275,15.07389
852,Eric,Morgan,emorgannn@wikispaces.com,Male,7.35661,149.19908
853,Anthony,Ortiz,aortizno@shinystat.com,Male,-22.41139,-47.56139
854,Paul,Matthews,pmatthewsnp@hibu.com,Male,43.94532,131.06772
855,Fred,Watkins,fwatkinsnq@drupal.org,Male,32.83333,129.85
856,Diana,Stanley,dstanleynr@irs.gov,Female,36.74392,24.42263
857,Jennifer,Adams,jadamsns@microsoft.com,Female,47.6167,7.25
858,Lois,Graham,lgrahamnt@storify.com,Female,39.5292,-8.5958
859,Jacqueline,Green,jgreennu@mtv.com,Female,40.78502,110.3092
860,Annie,Hughes,ahughesnv@shinystat.com,Female,44.16652,133.86495
861,Mary,Martin,mmartinnw@gizmodo.com,Female,32.59445,35.88411
862,Anne,Perry,aperrynx@xinhuanet.com,Female,-8.72332,115.17234
863,Doris,Sanchez,dsanchezny@cnbc.com,Female,5.48986,6.00743
864,Joseph,Pierce,jpiercenz@google.com,Male,38.8167,-9.1333
865,Judy,Ramos,jramoso0@wufoo.com,Female,-5.96667,-77.93333
866,Robin,Ellis,relliso1@furl.net,Female,59.3667,18.1333
867,Joe,Hudson,jhudsono2@hp.com,Male,58.40356,49.05719
868,Maria,Hernandez,mhernandezo3@walmart.com,Female,20.73668,-76.32646
869,Victor,Bailey,vbaileyo4@shutterfly.com,Male,-2.1236,115.1958
870,Henry,Hall,hhallo5@theatlantic.com,Male,32.42521,119.48838
871,Melissa,Harper,mharpero6@nasa.gov,Female,-27.57383,-60.71526
872,Janet,Garcia,jgarciao7@house.gov,Female,17.3299,120.4451
873,Lisa,Hill,lhillo8@samsung.com,Female,30.67796,118.00674
874,Jane,Myers,jmyerso9@indiatimes.com,Female,-12.16672,44.39944
875,Julie,Schmidt,jschmidtoa@bravesites.com,Female,50.10742,16.26131
876,Tina,Hayes,thayesob@mediafire.com,Female,41.0932,-8.5045
877,Harry,Price,hpriceoc@zimbio.com,Male,52.06314,31.18567
878,Julie,Freeman,jfreemanod@woothemes.com,Female,53.67437,15.1163
879,Angela,Perkins,aperkinsoe@bizjournals.com,Female,-7.0366,108.4159
880,Keith,Barnes,kbarnesof@wunderground.com,Male,22.50528,-83.51095
881,Anna,Payne,apayneog@spotify.com,Female,2.71861,-67.55992
882,Andrew,Black,ablackoh@msu.edu,Male,40.04667,20.1475
883,Johnny,Schmidt,jschmidtoi@npr.org,Male,-6.7044,111348
884,Joan,Andrews,jandrewsoj@xing.com,Female,-2.8817,104.6939
885,Anne,Larson,alarsonok@telegraph.co.uk,Female,-25.08333,-64.18333
886,Annie,Payne,apayneol@mail.ru,Female,51.8126,26.12902
887,Lisa,Thompson,lthompsonom@tamu.edu,Female,12.97122,101.21463
888,Phillip,Russell,prussellon@xrea.com,Male,3.1366,101.7172
889,Barbara,Cook,bcookoo@reference.com,Female,53.37447,14.47251
890,Judith,Powell,jpowellop@trellian.com,Female,27.9654,-82.8001
891,Betty,Vasquez,bvasquezoq@vistaprint.com,Female,10.16667,38.13333
892,Raymond,Medina,rmedinaor@slate.com,Male,19.22207,-70.52956
893,Roger,Sullivan,rsullivanos@intel.com,Male,40.4667,-8.7167
894,Susan,Gonzalez,sgonzalezot@epa.gov,Female,48.15881,126.20846
895,Patricia,Willis,pwillisou@upenn.edu,Female,16.48333,121.23333
896,Nicholas,Peters,npetersov@accuweather.com,Male,37.7211,-122.4754
897,Catherine,Jenkins,cjenkinsow@who.int,Female,-7.2831,108.1867
898,Roy,Taylor,rtaylorox@skype.com,Male,59.32028,24.5525
899,Frank,Crawford,fcrawfordoy@meetup.com,Male,38.00333,140.61833
900,Gregory,Mcdonald,gmcdonaldoz@ihg.com,Male,18.96961,105.05505
901,Louise,Phillips,lphillipsp0@paginegialle.it,Female,29.02563,110.63937
902,Doris,Fowler,dfowlerp1@mozilla.com,Female,63.45642,48.89891
903,Kathryn,Gordon,kgordonp2@bluehost.com,Female,50.00377,18.47205
904,Stephen,Martin,smartinp3@java.com,Male,32.75483,106.12672
905,Jose,Franklin,jfranklinp4@free.fr,Male,25.9446,111.0364
906,Eugene,Hunter,ehunterp5@sfgate.com,Male,43.9483,4.8089
907,Lisa,Cunningham,lcunninghamp6@spiegel.de,Female,30.7142,31.24425
908,Annie,Alexander,aalexanderp7@google.com.au,Female,27.03111,115.01469
909,Edward,Bailey,ebaileyp8@goo.gl,Male,28.24417,111.70528
910,Melissa,Phillips,mphillipsp9@icq.com,Female,47.9029,1.9039
911,Aaron,Alvarez,aalvarezpa@tmall.com,Male,4.79722,-75995
912,Evelyn,Hamilton,ehamiltonpb@uiuc.edu,Female,59.3326,18.0649
913,Steven,Brown,sbrownpc@goo.ne.jp,Male,15.74889,107.83678
914,Karen,Mccoy,kmccoypd@google.cn,Female,50.68559,15.40152
915,Roger,Mendoza,rmendozape@privacy.gov.au,Male,17.2939,120.4449
916,Willie,Rice,wricepf@wordpress.com,Male,13.2799,123.7587
917,Justin,Welch,jwelchpg@webs.com,Male,55.61667,37.68333
918,Bobby,Ruiz,bruizph@bigcartel.com,Male,26.70039,101.85134
919,Howard,Franklin,hfranklinpi@4shared.com,Male,58.0372,14.9782
920,Katherine,Mason,kmasonpj@netscape.com,Female,26.31941,119.56904
921,Ann,George,ageorgepk@ucsd.edu,Female,5.8938,-1.01636
922,Kathleen,Martinez,kmartinezpl@webs.com,Female,41.79722,20.90833
923,Diana,Thompson,dthompsonpm@mapy.cz,Female,8.65,16.85
924,Ruth,Payne,rpaynepn@github.com,Female,59.7124,14.1683
925,Steve,Lane,slanepo@dell.com,Male,47.09077,125.90642
926,Steve,Owens,sowenspp@jiathis.com,Male,6.7,11.26667
927,Jimmy,Simpson,jsimpsonpq@shop-pro.jp,Male,31.82509,121.50881
928,Barbara,Greene,bgreenepr@usnews.com,Female,30.40644,108.3502
929,Laura,Taylor,ltaylorps@spotify.com,Female,48.11312,123.24638
930,Rebecca,Larson,rlarsonpt@jugem.jp,Female,42045,19.57472
931,Virginia,Snyder,vsnyderpu@shop-pro.jp,Female,20.75398,109.77813
932,Karen,Payne,kpaynepv@linkedin.com,Female,55.8651,-4.2576
933,Tammy,Mcdonald,tmcdonaldpw@arizona.edu,Female,45.31306,17.81528
934,Jimmy,Schmidt,jschmidtpx@mozilla.org,Male,-8.1007,113.7899
935,Jesse,Carr,jcarrpy@cdbaby.com,Male,44.77583,17.18556
936,Lois,Owens,lowenspz@nydailynews.com,Female,6.65984,124.09981
937,Elizabeth,Graham,egrahamq0@vimeo.com,Female,11.38321,-72.24321
938,Catherine,Evans,cevansq1@51.la,Female,46.3231,-0.4588
939,Kevin,Watkins,kwatkinsq2@wordpress.org,Male,33.07227,36.18382
940,William,Scott,wscottq3@hao123.com,Male,9.73917,118.73528
941,Irene,Kelley,ikelleyq4@comsenz.com,Female,53.38947,-6.11059
942,Harry,Russell,hrussellq5@blog.com,Male,28.04981,109.72061
943,Antonio,Washington,awashingtonq6@ox.ac.uk,Male,-8528,119.7461
944,Tammy,Lawson,tlawsonq7@ucsd.edu,Female,-11.73193,-75.54634
945,Marie,Greene,mgreeneq8@nydailynews.com,Female,50.32808,12.8635
946,Jesse,Gardner,jgardnerq9@dell.com,Male,-8.3251,112.4501
947,Tammy,Richards,trichardsqa@freewebs.com,Female,49.0241,1.1508
948,Pamela,Thomas,pthomasqb@discovery.com,Female,-8.6851,121.9164
949,Evelyn,Fuller,efullerqc@ihg.com,Female,25.88001,115.25255
950,Arthur,Banks,abanksqd@cbsnews.com,Male,35.02083,33.17917
951,Howard,Nelson,hnelsonqe@woothemes.com,Male,-1.93333,-79.96667
952,Norma,Lynch,nlynchqf@sciencedirect.com,Female,19.04756,105.26807
953,Chris,Gordon,cgordonqg@discovery.com,Male,-8.1141,111.7762
954,Dennis,Wheeler,dwheelerqh@sitemeter.com,Male,47.9485,126.27532
955,Harold,Gonzalez,hgonzalezqi@apple.com,Male,7.44778,125.80778
956,Arthur,Greene,agreeneqj@admin.ch,Male,49.87547,36.26539
957,Henry,Olson,holsonqk@google.pl,Male,23.41911,112.65979
958,Gregory,Bailey,gbaileyql@bigcartel.com,Male,53.90535,18.21885
959,Katherine,Ray,krayqm@who.int,Female,44.40694,43.88056
960,Carlos,Hansen,chansenqn@state.gov,Male,-28.16678,30.23371
961,Michelle,Alexander,malexanderqo@wikispaces.com,Female,49.71573,89.19425
962,Johnny,Berry,jberryqp@bloglovin.com,Male,-1.9275,18.2881
963,Andrea,Hernandez,ahernandezqq@mlb.com,Female,-5.93306,-78.66278
964,Gregory,Harper,gharperqr@cisco.com,Male,41.2458,-8.5042
965,Joseph,Moore,jmooreqs@patch.com,Male,-7664,107.7631
966,Shirley,Berry,sberryqt@prnewswire.com,Female,-6.9877,112.3043
967,Harry,Carter,hcarterqu@oaic.gov.au,Male,8.87443,-75.62028
968,Nancy,Williams,nwilliamsqv@icio.us,Female,9.62966,123.82897
969,Charles,Little,clittleqw@spiegel.de,Male,50.16051,22.23907
970,Jessica,Day,jdayqx@youtu.be,Female,47.12944,28.88556
971,Janice,Powell,jpowellqy@telegraph.co.uk,Female,39.0375,65585
972,Lawrence,Parker,lparkerqz@ehow.com,Male,11.08155,39.74339
973,Sharon,Lawrence,slawrencer0@go.com,Female,29.04826,106.88515
974,Mark,Peterson,mpetersonr1@tripod.com,Male,50.2466,18.04865
975,Antonio,Parker,aparkerr2@forbes.com,Male,-25.45,-56.01667
976,Henry,Lawrence,hlawrencer3@cnbc.com,Male,42.96444,87.66111
977,Walter,Knight,wknightr4@opera.com,Male,29.01937,111.67976
978,Lisa,Bradley,lbradleyr5@elegantthemes.com,Female,-20.11167,57.55389
979,Phillip,Walker,pwalkerr6@merriam-webster.com,Male,45.25083,19.39194
980,Sean,George,sgeorger7@google.com.br,Male,39.49524,67.60931
981,Martin,Gordon,mgordonr8@cbsnews.com,Male,-41.96051,-71.53336
982,John,Thomas,jthomasr9@parallels.com,Male,-5.73805,105.5916
983,Peter,Bishop,pbishopra@google.co.uk,Male,-23.17944,-45.88694
984,Bobby,Ruiz,bruizrb@163.com,Male,-8.1953,113.6183
985,Adam,Davis,adavisrc@oaic.gov.au,Male,38.31942,23.79649
986,Brenda,Price,bpricerd@nba.com,Female,14.18333,-16.66667
987,Ralph,Franklin,rfranklinre@prlog.org,Male,-33.95115,-62.97238
988,Heather,Banks,hbanksrf@digg.com,Female,11.96306,43.29056
989,Helen,Henderson,hhendersonrg@is.gd,Female,50.3505,14.47411
990,George,Fuller,gfullerrh@zdnet.com,Male,10.76405,122.3177
991,Paula,Wood,pwoodri@shutterfly.com,Female,64.46667,24.23333
992,Cynthia,Marshall,cmarshallrj@tinyurl.com,Female,14.28333,-88.25
993,Marie,Lawson,mlawsonrk@wordpress.org,Female,30.77619,113.38491
994,Helen,Chapman,hchapmanrl@tripod.com,Female,50.58474,14.34332
995,Anna,Hanson,ahansonrm@howstuffworks.com,Female,31.6948,-106.3
996,Jennifer,Gonzalez,jgonzalezrn@usa.gov,Female,33.76667,130.46667
997,Janet,Sanchez,jsanchezro@vinaora.com,Female,24.87982,116.72388
998,Barbara,Morgan,bmorganrp@dailymail.co.uk,Female,-0.05193,109.20741
999,John,Turner,jturnerrq@artisteer.com,Male,9.7922,124509
1000,Judy,Hernandez,jhernandezrr@google.ru,Female,22.03177,111.93537
